"resultado","convocatoria","sexo","disciplina_codigo","n"
"Denegado","2010","F","KA1",24
"Denegado","2010","F","KA2",4
"Denegado","2010","F","KA3",6
"Denegado","2010","F","KA4",4
"Denegado","2010","F","KA5",31
"Denegado","2010","F","KB1",31
"Denegado","2010","F","KB2",70
"Denegado","2010","F","KB3",23
"Denegado","2010","F","KB4",8
"Denegado","2010","F","KE1",35
"Denegado","2010","F","KE2",1
"Denegado","2010","F","KE3",5
"Denegado","2010","F","KE5",17
"Denegado","2010","F","KS1",14
"Denegado","2010","F","KS2",12
"Denegado","2010","F","KS3",41
"Denegado","2010","F","KS4",54
"Denegado","2010","F","KS5",32
"Denegado","2010","F","KS6",8
"Denegado","2010","F","KT1",6
"Denegado","2010","M","KA1",16
"Denegado","2010","M","KA2",10
"Denegado","2010","M","KA3",1
"Denegado","2010","M","KA4",1
"Denegado","2010","M","KA5",15
"Denegado","2010","M","KB1",15
"Denegado","2010","M","KB2",36
"Denegado","2010","M","KB3",8
"Denegado","2010","M","KB4",6
"Denegado","2010","M","KE1",28
"Denegado","2010","M","KE2",9
"Denegado","2010","M","KE3",12
"Denegado","2010","M","KE5",14
"Denegado","2010","M","KS1",9
"Denegado","2010","M","KS2",9
"Denegado","2010","M","KS3",15
"Denegado","2010","M","KS4",30
"Denegado","2010","M","KS5",13
"Denegado","2010","M","KS6",8
"Denegado","2010","M","KT1",7
"Denegado","2011","F","KA1",30
"Denegado","2011","F","KA2",4
"Denegado","2011","F","KA3",7
"Denegado","2011","F","KA4",4
"Denegado","2011","F","KA5",29
"Denegado","2011","F","KB1",38
"Denegado","2011","F","KB2",103
"Denegado","2011","F","KB3",38
"Denegado","2011","F","KB4",15
"Denegado","2011","F","KE1",35
"Denegado","2011","F","KE2",3
"Denegado","2011","F","KE3",6
"Denegado","2011","F","KE4",4
"Denegado","2011","F","KE5",19
"Denegado","2011","F","KS1",25
"Denegado","2011","F","KS2",25
"Denegado","2011","F","KS3",40
"Denegado","2011","F","KS4",85
"Denegado","2011","F","KS5",30
"Denegado","2011","F","KS6",11
"Denegado","2011","F","KS7",3
"Denegado","2011","F","KT1",8
"Denegado","2011","M","KA1",17
"Denegado","2011","M","KA2",14
"Denegado","2011","M","KA3",5
"Denegado","2011","M","KA4",4
"Denegado","2011","M","KA5",20
"Denegado","2011","M","KB1",18
"Denegado","2011","M","KB2",44
"Denegado","2011","M","KB3",13
"Denegado","2011","M","KB4",8
"Denegado","2011","M","KE1",23
"Denegado","2011","M","KE2",7
"Denegado","2011","M","KE3",17
"Denegado","2011","M","KE4",2
"Denegado","2011","M","KE5",9
"Denegado","2011","M","KS1",22
"Denegado","2011","M","KS2",5
"Denegado","2011","M","KS3",28
"Denegado","2011","M","KS4",39
"Denegado","2011","M","KS5",23
"Denegado","2011","M","KS6",11
"Denegado","2011","M","KT1",8
"Denegado","2012","F","KA1",35
"Denegado","2012","F","KA2",8
"Denegado","2012","F","KA3",8
"Denegado","2012","F","KA4",2
"Denegado","2012","F","KA5",31
"Denegado","2012","F","KB1",35
"Denegado","2012","F","KB2",97
"Denegado","2012","F","KB3",26
"Denegado","2012","F","KB4",11
"Denegado","2012","F","KE1",31
"Denegado","2012","F","KE2",6
"Denegado","2012","F","KE3",3
"Denegado","2012","F","KE4",6
"Denegado","2012","F","KE5",14
"Denegado","2012","F","KS1",33
"Denegado","2012","F","KS2",32
"Denegado","2012","F","KS3",21
"Denegado","2012","F","KS4",84
"Denegado","2012","F","KS5",58
"Denegado","2012","F","KS6",14
"Denegado","2012","F","KS7",23
"Denegado","2012","F","KT1",7
"Denegado","2012","M","KA1",13
"Denegado","2012","M","KA2",14
"Denegado","2012","M","KA3",6
"Denegado","2012","M","KA4",7
"Denegado","2012","M","KA5",6
"Denegado","2012","M","KB1",18
"Denegado","2012","M","KB2",42
"Denegado","2012","M","KB3",11
"Denegado","2012","M","KB4",6
"Denegado","2012","M","KE1",19
"Denegado","2012","M","KE2",3
"Denegado","2012","M","KE3",9
"Denegado","2012","M","KE4",2
"Denegado","2012","M","KE5",6
"Denegado","2012","M","KS1",27
"Denegado","2012","M","KS2",10
"Denegado","2012","M","KS3",19
"Denegado","2012","M","KS4",36
"Denegado","2012","M","KS5",31
"Denegado","2012","M","KS6",18
"Denegado","2012","M","KS7",7
"Denegado","2012","M","KT1",9
"Denegado","2013","F","KA1",31
"Denegado","2013","F","KA2",4
"Denegado","2013","F","KA3",14
"Denegado","2013","F","KA4",2
"Denegado","2013","F","KA5",10
"Denegado","2013","F","KB1",33
"Denegado","2013","F","KB2",47
"Denegado","2013","F","KB3",17
"Denegado","2013","F","KB4",16
"Denegado","2013","F","KE1",26
"Denegado","2013","F","KE2",4
"Denegado","2013","F","KE3",1
"Denegado","2013","F","KE4",6
"Denegado","2013","F","KE5",9
"Denegado","2013","F","KS1",24
"Denegado","2013","F","KS2",35
"Denegado","2013","F","KS3",19
"Denegado","2013","F","KS4",76
"Denegado","2013","F","KS5",59
"Denegado","2013","F","KS6",6
"Denegado","2013","F","KS7",35
"Denegado","2013","F","KS8",10
"Denegado","2013","F","KT1",16
"Denegado","2013","M","KA1",16
"Denegado","2013","M","KA2",10
"Denegado","2013","M","KA3",6
"Denegado","2013","M","KA4",13
"Denegado","2013","M","KA5",5
"Denegado","2013","M","KB1",9
"Denegado","2013","M","KB2",18
"Denegado","2013","M","KB3",7
"Denegado","2013","M","KB4",4
"Denegado","2013","M","KE1",15
"Denegado","2013","M","KE2",7
"Denegado","2013","M","KE3",6
"Denegado","2013","M","KE4",1
"Denegado","2013","M","KE5",6
"Denegado","2013","M","KS1",35
"Denegado","2013","M","KS2",17
"Denegado","2013","M","KS3",14
"Denegado","2013","M","KS4",31
"Denegado","2013","M","KS5",24
"Denegado","2013","M","KS6",15
"Denegado","2013","M","KS7",13
"Denegado","2013","M","KS8",6
"Denegado","2013","M","KT1",8
"Denegado","2013","X","KS4",1
"Denegado","2014","F","KA1",28
"Denegado","2014","F","KA2",5
"Denegado","2014","F","KA3",13
"Denegado","2014","F","KA4",2
"Denegado","2014","F","KA5",22
"Denegado","2014","F","KB1",35
"Denegado","2014","F","KB2",40
"Denegado","2014","F","KB3",16
"Denegado","2014","F","KB4",15
"Denegado","2014","F","KE1",20
"Denegado","2014","F","KE2",5
"Denegado","2014","F","KE3",2
"Denegado","2014","F","KE4",5
"Denegado","2014","F","KE5",7
"Denegado","2014","F","KS1",18
"Denegado","2014","F","KS2",33
"Denegado","2014","F","KS3",15
"Denegado","2014","F","KS4",58
"Denegado","2014","F","KS5",61
"Denegado","2014","F","KS6",8
"Denegado","2014","F","KS7",42
"Denegado","2014","F","KS8",10
"Denegado","2014","F","KT1",7
"Denegado","2014","M","KA1",17
"Denegado","2014","M","KA2",16
"Denegado","2014","M","KA3",5
"Denegado","2014","M","KA4",6
"Denegado","2014","M","KA5",11
"Denegado","2014","M","KB1",12
"Denegado","2014","M","KB2",30
"Denegado","2014","M","KB3",5
"Denegado","2014","M","KB4",3
"Denegado","2014","M","KE1",7
"Denegado","2014","M","KE2",6
"Denegado","2014","M","KE3",7
"Denegado","2014","M","KE4",1
"Denegado","2014","M","KE5",5
"Denegado","2014","M","KS1",27
"Denegado","2014","M","KS2",21
"Denegado","2014","M","KS3",13
"Denegado","2014","M","KS4",38
"Denegado","2014","M","KS5",34
"Denegado","2014","M","KS6",9
"Denegado","2014","M","KS7",12
"Denegado","2014","M","KS8",8
"Denegado","2014","M","KT1",7
"Denegado","2015","F","KA1",36
"Denegado","2015","F","KA2",2
"Denegado","2015","F","KA3",16
"Denegado","2015","F","KA4",5
"Denegado","2015","F","KA5",21
"Denegado","2015","F","KA6",5
"Denegado","2015","F","KB1",13
"Denegado","2015","F","KB2",43
"Denegado","2015","F","KB3",15
"Denegado","2015","F","KB4",5
"Denegado","2015","F","KE1",30
"Denegado","2015","F","KE2",5
"Denegado","2015","F","KE3",5
"Denegado","2015","F","KE4",1
"Denegado","2015","F","KE5",9
"Denegado","2015","F","KS1",23
"Denegado","2015","F","KS2",26
"Denegado","2015","F","KS3",19
"Denegado","2015","F","KS4",45
"Denegado","2015","F","KS5",56
"Denegado","2015","F","KS6",10
"Denegado","2015","F","KS7",34
"Denegado","2015","F","KS8",10
"Denegado","2015","F","KT1",9
"Denegado","2015","M","KA1",16
"Denegado","2015","M","KA2",9
"Denegado","2015","M","KA3",10
"Denegado","2015","M","KA4",8
"Denegado","2015","M","KA5",11
"Denegado","2015","M","KA6",4
"Denegado","2015","M","KB1",9
"Denegado","2015","M","KB2",23
"Denegado","2015","M","KB3",7
"Denegado","2015","M","KB4",2
"Denegado","2015","M","KE1",7
"Denegado","2015","M","KE2",9
"Denegado","2015","M","KE3",7
"Denegado","2015","M","KE4",2
"Denegado","2015","M","KE5",5
"Denegado","2015","M","KS1",24
"Denegado","2015","M","KS2",15
"Denegado","2015","M","KS3",17
"Denegado","2015","M","KS4",36
"Denegado","2015","M","KS5",34
"Denegado","2015","M","KS6",10
"Denegado","2015","M","KS7",13
"Denegado","2015","M","KS8",6
"Denegado","2015","M","KT1",10
"Denegado","2016","F","KA1",57
"Denegado","2016","F","KA2",3
"Denegado","2016","F","KA3",9
"Denegado","2016","F","KA4",5
"Denegado","2016","F","KA5",57
"Denegado","2016","F","KA6",14
"Denegado","2016","F","KA7",45
"Denegado","2016","F","KB1",53
"Denegado","2016","F","KB2",77
"Denegado","2016","F","KB3",25
"Denegado","2016","F","KB4",21
"Denegado","2016","F","KE1",40
"Denegado","2016","F","KE2",7
"Denegado","2016","F","KE3",9
"Denegado","2016","F","KE4",1
"Denegado","2016","F","KE5",10
"Denegado","2016","F","KS1",36
"Denegado","2016","F","KS2",48
"Denegado","2016","F","KS3",29
"Denegado","2016","F","KS4",63
"Denegado","2016","F","KS5",74
"Denegado","2016","F","KS6",11
"Denegado","2016","F","KS7",49
"Denegado","2016","F","KS8",22
"Denegado","2016","F","KT1",19
"Denegado","2016","M","KA1",35
"Denegado","2016","M","KA2",25
"Denegado","2016","M","KA3",9
"Denegado","2016","M","KA4",16
"Denegado","2016","M","KA5",24
"Denegado","2016","M","KA6",9
"Denegado","2016","M","KA7",21
"Denegado","2016","M","KB1",12
"Denegado","2016","M","KB2",50
"Denegado","2016","M","KB3",8
"Denegado","2016","M","KB4",10
"Denegado","2016","M","KE1",20
"Denegado","2016","M","KE2",14
"Denegado","2016","M","KE3",14
"Denegado","2016","M","KE4",2
"Denegado","2016","M","KE5",19
"Denegado","2016","M","KS1",33
"Denegado","2016","M","KS2",23
"Denegado","2016","M","KS3",23
"Denegado","2016","M","KS4",40
"Denegado","2016","M","KS5",54
"Denegado","2016","M","KS6",18
"Denegado","2016","M","KS7",18
"Denegado","2016","M","KS8",12
"Denegado","2016","M","KT1",16
"Denegado","2017","F","KA1",80
"Denegado","2017","F","KA2",7
"Denegado","2017","F","KA3",19
"Denegado","2017","F","KA4",10
"Denegado","2017","F","KA5",75
"Denegado","2017","F","KA6",10
"Denegado","2017","F","KA7",59
"Denegado","2017","F","KB1",86
"Denegado","2017","F","KB2",81
"Denegado","2017","F","KB3",26
"Denegado","2017","F","KB4",27
"Denegado","2017","F","KE1",51
"Denegado","2017","F","KE2",8
"Denegado","2017","F","KE3",10
"Denegado","2017","F","KE4",6
"Denegado","2017","F","KE5",33
"Denegado","2017","F","KS1",34
"Denegado","2017","F","KS2",51
"Denegado","2017","F","KS3",30
"Denegado","2017","F","KS4",66
"Denegado","2017","F","KS5",79
"Denegado","2017","F","KS6",13
"Denegado","2017","F","KS7",53
"Denegado","2017","F","KS8",33
"Denegado","2017","M","KA1",31
"Denegado","2017","M","KA2",35
"Denegado","2017","M","KA3",4
"Denegado","2017","M","KA4",21
"Denegado","2017","M","KA5",32
"Denegado","2017","M","KA6",9
"Denegado","2017","M","KA7",28
"Denegado","2017","M","KB1",21
"Denegado","2017","M","KB2",49
"Denegado","2017","M","KB3",12
"Denegado","2017","M","KB4",9
"Denegado","2017","M","KE1",33
"Denegado","2017","M","KE2",15
"Denegado","2017","M","KE3",21
"Denegado","2017","M","KE4",5
"Denegado","2017","M","KE5",23
"Denegado","2017","M","KS1",31
"Denegado","2017","M","KS2",25
"Denegado","2017","M","KS3",47
"Denegado","2017","M","KS4",39
"Denegado","2017","M","KS5",55
"Denegado","2017","M","KS6",21
"Denegado","2017","M","KS7",23
"Denegado","2017","M","KS8",14
"Denegado","2017","M","KT1",2
"Denegado","2018","F","KA1",115
"Denegado","2018","F","KA2",5
"Denegado","2018","F","KA3",27
"Denegado","2018","F","KA4",8
"Denegado","2018","F","KA5",59
"Denegado","2018","F","KA6",20
"Denegado","2018","F","KA7",94
"Denegado","2018","F","KA8",12
"Denegado","2018","F","KB1",110
"Denegado","2018","F","KB2",110
"Denegado","2018","F","KB3",41
"Denegado","2018","F","KB4",35
"Denegado","2018","F","KE1",82
"Denegado","2018","F","KE2",13
"Denegado","2018","F","KE3",16
"Denegado","2018","F","KE4",7
"Denegado","2018","F","KE5",43
"Denegado","2018","F","KS1",52
"Denegado","2018","F","KS2",62
"Denegado","2018","F","KS3",37
"Denegado","2018","F","KS4",65
"Denegado","2018","F","KS5",117
"Denegado","2018","F","KS6",14
"Denegado","2018","F","KS7",55
"Denegado","2018","F","KS8",39
"Denegado","2018","F","KS9",30
"Denegado","2018","F","KT1",11
"Denegado","2018","M","KA1",54
"Denegado","2018","M","KA2",41
"Denegado","2018","M","KA3",14
"Denegado","2018","M","KA4",27
"Denegado","2018","M","KA5",23
"Denegado","2018","M","KA6",16
"Denegado","2018","M","KA7",40
"Denegado","2018","M","KA8",7
"Denegado","2018","M","KB1",37
"Denegado","2018","M","KB2",61
"Denegado","2018","M","KB3",29
"Denegado","2018","M","KB4",13
"Denegado","2018","M","KE1",53
"Denegado","2018","M","KE2",15
"Denegado","2018","M","KE3",36
"Denegado","2018","M","KE4",6
"Denegado","2018","M","KE5",33
"Denegado","2018","M","KS1",49
"Denegado","2018","M","KS2",35
"Denegado","2018","M","KS3",50
"Denegado","2018","M","KS4",41
"Denegado","2018","M","KS5",83
"Denegado","2018","M","KS6",27
"Denegado","2018","M","KS7",22
"Denegado","2018","M","KS8",20
"Denegado","2018","M","KS9",7
"Denegado","2018","M","KT1",7
"Denegado","2019","F","KA1",111
"Denegado","2019","F","KA2",7
"Denegado","2019","F","KA3",30
"Denegado","2019","F","KA4",3
"Denegado","2019","F","KA5",43
"Denegado","2019","F","KA6",27
"Denegado","2019","F","KA7",98
"Denegado","2019","F","KA8",30
"Denegado","2019","F","KB1",88
"Denegado","2019","F","KB2",98
"Denegado","2019","F","KB3",36
"Denegado","2019","F","KB4",34
"Denegado","2019","F","KE1",84
"Denegado","2019","F","KE2",11
"Denegado","2019","F","KE3",7
"Denegado","2019","F","KE4",4
"Denegado","2019","F","KE5",48
"Denegado","2019","F","KS1",44
"Denegado","2019","F","KS2",58
"Denegado","2019","F","KS3",26
"Denegado","2019","F","KS4",56
"Denegado","2019","F","KS5",83
"Denegado","2019","F","KS6",15
"Denegado","2019","F","KS7",45
"Denegado","2019","F","KS8",33
"Denegado","2019","F","KS9",42
"Denegado","2019","F","KT1",12
"Denegado","2019","M","KA1",49
"Denegado","2019","M","KA2",28
"Denegado","2019","M","KA3",18
"Denegado","2019","M","KA4",10
"Denegado","2019","M","KA5",19
"Denegado","2019","M","KA6",12
"Denegado","2019","M","KA7",32
"Denegado","2019","M","KA8",12
"Denegado","2019","M","KB1",22
"Denegado","2019","M","KB2",45
"Denegado","2019","M","KB3",20
"Denegado","2019","M","KB4",10
"Denegado","2019","M","KE1",43
"Denegado","2019","M","KE2",11
"Denegado","2019","M","KE3",17
"Denegado","2019","M","KE4",5
"Denegado","2019","M","KE5",33
"Denegado","2019","M","KS1",40
"Denegado","2019","M","KS2",28
"Denegado","2019","M","KS3",36
"Denegado","2019","M","KS4",44
"Denegado","2019","M","KS5",71
"Denegado","2019","M","KS6",23
"Denegado","2019","M","KS7",18
"Denegado","2019","M","KS8",19
"Denegado","2019","M","KS9",4
"Denegado","2019","M","KT1",12
"Denegado","2019","X","KE5",1
"Denegado","2020","F","KA1",99
"Denegado","2020","F","KA2",8
"Denegado","2020","F","KA3",26
"Denegado","2020","F","KA4",6
"Denegado","2020","F","KA5",46
"Denegado","2020","F","KA6",26
"Denegado","2020","F","KA7",98
"Denegado","2020","F","KA8",49
"Denegado","2020","F","KB1",108
"Denegado","2020","F","KB2",121
"Denegado","2020","F","KB3",56
"Denegado","2020","F","KB4",92
"Denegado","2020","F","KE1",68
"Denegado","2020","F","KE2",12
"Denegado","2020","F","KE3",14
"Denegado","2020","F","KE4",4
"Denegado","2020","F","KE5",46
"Denegado","2020","F","KS1",50
"Denegado","2020","F","KS2",61
"Denegado","2020","F","KS3",30
"Denegado","2020","F","KS4",76
"Denegado","2020","F","KS5",114
"Denegado","2020","F","KS6",18
"Denegado","2020","F","KS7",65
"Denegado","2020","F","KS8",34
"Denegado","2020","F","KS9",53
"Denegado","2020","F","KT1",17
"Denegado","2020","M","KA1",65
"Denegado","2020","M","KA2",39
"Denegado","2020","M","KA3",12
"Denegado","2020","M","KA4",15
"Denegado","2020","M","KA5",14
"Denegado","2020","M","KA6",23
"Denegado","2020","M","KA7",37
"Denegado","2020","M","KA8",11
"Denegado","2020","M","KB1",33
"Denegado","2020","M","KB2",52
"Denegado","2020","M","KB3",25
"Denegado","2020","M","KB4",33
"Denegado","2020","M","KE1",41
"Denegado","2020","M","KE2",17
"Denegado","2020","M","KE3",19
"Denegado","2020","M","KE4",4
"Denegado","2020","M","KE5",32
"Denegado","2020","M","KS1",46
"Denegado","2020","M","KS2",43
"Denegado","2020","M","KS3",53
"Denegado","2020","M","KS4",43
"Denegado","2020","M","KS5",76
"Denegado","2020","M","KS6",28
"Denegado","2020","M","KS7",36
"Denegado","2020","M","KS8",17
"Denegado","2020","M","KS9",7
"Denegado","2020","M","KT1",11
"Denegado","2021","F","KA1",44
"Denegado","2021","F","KA2",7
"Denegado","2021","F","KA3",20
"Denegado","2021","F","KA4",4
"Denegado","2021","F","KA5",19
"Denegado","2021","F","KA6",15
"Denegado","2021","F","KA7",51
"Denegado","2021","F","KA8",31
"Denegado","2021","F","KB1",54
"Denegado","2021","F","KB2",63
"Denegado","2021","F","KB3",31
"Denegado","2021","F","KB4",30
"Denegado","2021","F","KE1",36
"Denegado","2021","F","KE2",3
"Denegado","2021","F","KE3",9
"Denegado","2021","F","KE4",4
"Denegado","2021","F","KE5",20
"Denegado","2021","F","KS1",25
"Denegado","2021","F","KS2",38
"Denegado","2021","F","KS3",21
"Denegado","2021","F","KS4",42
"Denegado","2021","F","KS5",70
"Denegado","2021","F","KS6",11
"Denegado","2021","F","KS7",32
"Denegado","2021","F","KS8",20
"Denegado","2021","F","KS9",30
"Denegado","2021","F","KT1",11
"Denegado","2021","M","KA1",25
"Denegado","2021","M","KA2",11
"Denegado","2021","M","KA3",10
"Denegado","2021","M","KA4",6
"Denegado","2021","M","KA5",8
"Denegado","2021","M","KA6",7
"Denegado","2021","M","KA7",20
"Denegado","2021","M","KA8",8
"Denegado","2021","M","KB1",18
"Denegado","2021","M","KB2",30
"Denegado","2021","M","KB3",12
"Denegado","2021","M","KB4",10
"Denegado","2021","M","KE1",13
"Denegado","2021","M","KE2",5
"Denegado","2021","M","KE3",14
"Denegado","2021","M","KE4",1
"Denegado","2021","M","KE5",13
"Denegado","2021","M","KS1",22
"Denegado","2021","M","KS2",29
"Denegado","2021","M","KS3",26
"Denegado","2021","M","KS4",33
"Denegado","2021","M","KS5",51
"Denegado","2021","M","KS6",8
"Denegado","2021","M","KS7",23
"Denegado","2021","M","KS8",12
"Denegado","2021","M","KS9",4
"Denegado","2022","F","KA1",26
"Denegado","2022","F","KA2",2
"Denegado","2022","F","KA3",12
"Denegado","2022","F","KA4",3
"Denegado","2022","F","KA5",14
"Denegado","2022","F","KA6",17
"Denegado","2022","F","KA7",26
"Denegado","2022","F","KA8",8
"Denegado","2022","F","KB1",25
"Denegado","2022","F","KB2",62
"Denegado","2022","F","KB3",30
"Denegado","2022","F","KB4",16
"Denegado","2022","F","KE1",25
"Denegado","2022","F","KE2",3
"Denegado","2022","F","KE3",7
"Denegado","2022","F","KE4",3
"Denegado","2022","F","KE5",12
"Denegado","2022","F","KS1",21
"Denegado","2022","F","KS10",14
"Denegado","2022","F","KS2",33
"Denegado","2022","F","KS3",12
"Denegado","2022","F","KS4",14
"Denegado","2022","F","KS5",45
"Denegado","2022","F","KS6",7
"Denegado","2022","F","KS7",14
"Denegado","2022","F","KS8",12
"Denegado","2022","F","KS9",19
"Denegado","2022","M","KA1",16
"Denegado","2022","M","KA2",5
"Denegado","2022","M","KA3",5
"Denegado","2022","M","KA4",2
"Denegado","2022","M","KA5",3
"Denegado","2022","M","KA6",12
"Denegado","2022","M","KA7",12
"Denegado","2022","M","KA8",2
"Denegado","2022","M","KB1",9
"Denegado","2022","M","KB2",37
"Denegado","2022","M","KB3",11
"Denegado","2022","M","KB4",6
"Denegado","2022","M","KE1",14
"Denegado","2022","M","KE2",6
"Denegado","2022","M","KE3",9
"Denegado","2022","M","KE4",2
"Denegado","2022","M","KE5",8
"Denegado","2022","M","KS1",14
"Denegado","2022","M","KS10",7
"Denegado","2022","M","KS2",20
"Denegado","2022","M","KS3",19
"Denegado","2022","M","KS4",15
"Denegado","2022","M","KS5",29
"Denegado","2022","M","KS6",7
"Denegado","2022","M","KS7",4
"Denegado","2022","M","KS8",1
"Denegado","2022","M","KS9",5
"Denegado","2022","X","KS5",1
"Denegado","2023","F","KA1",12
"Denegado","2023","F","KA2",3
"Denegado","2023","F","KA3",4
"Denegado","2023","F","KA4",1
"Denegado","2023","F","KA5",8
"Denegado","2023","F","KA6",3
"Denegado","2023","F","KA7",21
"Denegado","2023","F","KA8",8
"Denegado","2023","F","KB1",18
"Denegado","2023","F","KB2",52
"Denegado","2023","F","KB3",10
"Denegado","2023","F","KB4",3
"Denegado","2023","F","KE1",22
"Denegado","2023","F","KE2",2
"Denegado","2023","F","KE3",7
"Denegado","2023","F","KE4",1
"Denegado","2023","F","KE5",13
"Denegado","2023","F","KS1",17
"Denegado","2023","F","KS10",8
"Denegado","2023","F","KS2",29
"Denegado","2023","F","KS3",6
"Denegado","2023","F","KS4",33
"Denegado","2023","F","KS5",37
"Denegado","2023","F","KS6",2
"Denegado","2023","F","KS7",5
"Denegado","2023","F","KS8",7
"Denegado","2023","F","KS9",7
"Denegado","2023","F","KT1",4
"Denegado","2023","M","KA1",7
"Denegado","2023","M","KA2",3
"Denegado","2023","M","KA3",2
"Denegado","2023","M","KA4",3
"Denegado","2023","M","KA5",2
"Denegado","2023","M","KA7",4
"Denegado","2023","M","KA8",1
"Denegado","2023","M","KB1",4
"Denegado","2023","M","KB2",20
"Denegado","2023","M","KB3",4
"Denegado","2023","M","KB4",1
"Denegado","2023","M","KE1",7
"Denegado","2023","M","KE2",3
"Denegado","2023","M","KE3",9
"Denegado","2023","M","KE5",3
"Denegado","2023","M","KS1",8
"Denegado","2023","M","KS10",3
"Denegado","2023","M","KS2",14
"Denegado","2023","M","KS3",8
"Denegado","2023","M","KS4",18
"Denegado","2023","M","KS5",19
"Denegado","2023","M","KS6",7
"Denegado","2023","M","KS7",5
"Denegado","2023","M","KS8",2
"Denegado","2023","M","KS9",7
"Denegado","2023","M","KT1",4
"No otorgado","2022","F","KA1",8
"No otorgado","2022","F","KA3",2
"No otorgado","2022","F","KA5",3
"No otorgado","2022","F","KA6",6
"No otorgado","2022","F","KA7",14
"No otorgado","2022","F","KA8",9
"No otorgado","2022","F","KB1",14
"No otorgado","2022","F","KB2",13
"No otorgado","2022","F","KB3",2
"No otorgado","2022","F","KB4",4
"No otorgado","2022","F","KE1",7
"No otorgado","2022","F","KE2",1
"No otorgado","2022","F","KE5",5
"No otorgado","2022","F","KS1",10
"No otorgado","2022","F","KS10",10
"No otorgado","2022","F","KS2",13
"No otorgado","2022","F","KS3",4
"No otorgado","2022","F","KS4",30
"No otorgado","2022","F","KS5",21
"No otorgado","2022","F","KS6",8
"No otorgado","2022","F","KS7",6
"No otorgado","2022","F","KS8",6
"No otorgado","2022","F","KS9",10
"No otorgado","2022","M","KA1",3
"No otorgado","2022","M","KA2",1
"No otorgado","2022","M","KA4",1
"No otorgado","2022","M","KA6",6
"No otorgado","2022","M","KA7",6
"No otorgado","2022","M","KA8",2
"No otorgado","2022","M","KB1",3
"No otorgado","2022","M","KB2",6
"No otorgado","2022","M","KE1",6
"No otorgado","2022","M","KE2",3
"No otorgado","2022","M","KE5",3
"No otorgado","2022","M","KS1",6
"No otorgado","2022","M","KS10",3
"No otorgado","2022","M","KS2",10
"No otorgado","2022","M","KS3",11
"No otorgado","2022","M","KS4",16
"No otorgado","2022","M","KS5",10
"No otorgado","2022","M","KS6",6
"No otorgado","2022","M","KS7",3
"No otorgado","2022","M","KS8",5
"No otorgado","2022","M","KS9",4
"No otorgado","2023","F","KA1",13
"No otorgado","2023","F","KA2",2
"No otorgado","2023","F","KA3",12
"No otorgado","2023","F","KA4",1
"No otorgado","2023","F","KA5",8
"No otorgado","2023","F","KA6",7
"No otorgado","2023","F","KA7",15
"No otorgado","2023","F","KA8",5
"No otorgado","2023","F","KB1",23
"No otorgado","2023","F","KB2",22
"No otorgado","2023","F","KB3",10
"No otorgado","2023","F","KB4",7
"No otorgado","2023","F","KE1",14
"No otorgado","2023","F","KE5",5
"No otorgado","2023","F","KS1",12
"No otorgado","2023","F","KS10",8
"No otorgado","2023","F","KS2",25
"No otorgado","2023","F","KS3",7
"No otorgado","2023","F","KS4",14
"No otorgado","2023","F","KS5",23
"No otorgado","2023","F","KS6",4
"No otorgado","2023","F","KS7",5
"No otorgado","2023","F","KS8",6
"No otorgado","2023","F","KS9",15
"No otorgado","2023","M","KA1",7
"No otorgado","2023","M","KA2",7
"No otorgado","2023","M","KA3",2
"No otorgado","2023","M","KA4",1
"No otorgado","2023","M","KA5",3
"No otorgado","2023","M","KA6",6
"No otorgado","2023","M","KA7",6
"No otorgado","2023","M","KA8",3
"No otorgado","2023","M","KB1",4
"No otorgado","2023","M","KB2",16
"No otorgado","2023","M","KB3",8
"No otorgado","2023","M","KB4",4
"No otorgado","2023","M","KE1",8
"No otorgado","2023","M","KE3",1
"No otorgado","2023","M","KE4",1
"No otorgado","2023","M","KE5",2
"No otorgado","2023","M","KS1",13
"No otorgado","2023","M","KS10",5
"No otorgado","2023","M","KS2",11
"No otorgado","2023","M","KS3",6
"No otorgado","2023","M","KS4",17
"No otorgado","2023","M","KS5",15
"No otorgado","2023","M","KS6",11
"No otorgado","2023","M","KS7",5
"No otorgado","2023","M","KS8",5
"No otorgado","2023","M","KS9",3
"No otorgado","2023","M","KT1",1
"Otorgado","2010","F","KA1",18
"Otorgado","2010","F","KA2",8
"Otorgado","2010","F","KA3",6
"Otorgado","2010","F","KA4",2
"Otorgado","2010","F","KA5",27
"Otorgado","2010","F","KB1",27
"Otorgado","2010","F","KB2",37
"Otorgado","2010","F","KB3",25
"Otorgado","2010","F","KB4",7
"Otorgado","2010","F","KE1",21
"Otorgado","2010","F","KE2",5
"Otorgado","2010","F","KE3",9
"Otorgado","2010","F","KE4",3
"Otorgado","2010","F","KE5",13
"Otorgado","2010","F","KS1",5
"Otorgado","2010","F","KS2",12
"Otorgado","2010","F","KS3",12
"Otorgado","2010","F","KS4",26
"Otorgado","2010","F","KS5",22
"Otorgado","2010","F","KS6",3
"Otorgado","2010","F","KT1",9
"Otorgado","2010","M","KA1",19
"Otorgado","2010","M","KA2",29
"Otorgado","2010","M","KA3",1
"Otorgado","2010","M","KA4",8
"Otorgado","2010","M","KA5",13
"Otorgado","2010","M","KB1",13
"Otorgado","2010","M","KB2",39
"Otorgado","2010","M","KB3",17
"Otorgado","2010","M","KB4",1
"Otorgado","2010","M","KE1",20
"Otorgado","2010","M","KE2",10
"Otorgado","2010","M","KE3",17
"Otorgado","2010","M","KE4",5
"Otorgado","2010","M","KE5",20
"Otorgado","2010","M","KS1",10
"Otorgado","2010","M","KS2",3
"Otorgado","2010","M","KS3",9
"Otorgado","2010","M","KS4",20
"Otorgado","2010","M","KS5",27
"Otorgado","2010","M","KS6",4
"Otorgado","2010","M","KT1",8
"Otorgado","2011","F","KA1",20
"Otorgado","2011","F","KA2",4
"Otorgado","2011","F","KA3",2
"Otorgado","2011","F","KA4",3
"Otorgado","2011","F","KA5",42
"Otorgado","2011","F","KB1",35
"Otorgado","2011","F","KB2",40
"Otorgado","2011","F","KB3",23
"Otorgado","2011","F","KB4",15
"Otorgado","2011","F","KE1",30
"Otorgado","2011","F","KE2",3
"Otorgado","2011","F","KE3",7
"Otorgado","2011","F","KE4",5
"Otorgado","2011","F","KE5",17
"Otorgado","2011","F","KS1",7
"Otorgado","2011","F","KS2",13
"Otorgado","2011","F","KS3",19
"Otorgado","2011","F","KS4",40
"Otorgado","2011","F","KS5",29
"Otorgado","2011","F","KS6",5
"Otorgado","2011","F","KT1",7
"Otorgado","2011","M","KA1",24
"Otorgado","2011","M","KA2",14
"Otorgado","2011","M","KA3",5
"Otorgado","2011","M","KA4",11
"Otorgado","2011","M","KA5",28
"Otorgado","2011","M","KB1",22
"Otorgado","2011","M","KB2",31
"Otorgado","2011","M","KB3",18
"Otorgado","2011","M","KB4",11
"Otorgado","2011","M","KE1",25
"Otorgado","2011","M","KE2",12
"Otorgado","2011","M","KE3",26
"Otorgado","2011","M","KE4",4
"Otorgado","2011","M","KE5",22
"Otorgado","2011","M","KS1",6
"Otorgado","2011","M","KS2",7
"Otorgado","2011","M","KS3",10
"Otorgado","2011","M","KS4",14
"Otorgado","2011","M","KS5",11
"Otorgado","2011","M","KS6",8
"Otorgado","2011","M","KT1",11
"Otorgado","2012","F","KA1",24
"Otorgado","2012","F","KA2",5
"Otorgado","2012","F","KA3",7
"Otorgado","2012","F","KA4",5
"Otorgado","2012","F","KA5",40
"Otorgado","2012","F","KB1",36
"Otorgado","2012","F","KB2",54
"Otorgado","2012","F","KB3",25
"Otorgado","2012","F","KB4",14
"Otorgado","2012","F","KE1",25
"Otorgado","2012","F","KE2",5
"Otorgado","2012","F","KE3",13
"Otorgado","2012","F","KE4",5
"Otorgado","2012","F","KE5",24
"Otorgado","2012","F","KS1",7
"Otorgado","2012","F","KS2",12
"Otorgado","2012","F","KS3",7
"Otorgado","2012","F","KS4",31
"Otorgado","2012","F","KS5",16
"Otorgado","2012","F","KS6",8
"Otorgado","2012","F","KS7",7
"Otorgado","2012","F","KT1",26
"Otorgado","2012","M","KA1",16
"Otorgado","2012","M","KA2",18
"Otorgado","2012","M","KA3",3
"Otorgado","2012","M","KA4",16
"Otorgado","2012","M","KA5",26
"Otorgado","2012","M","KB1",15
"Otorgado","2012","M","KB2",30
"Otorgado","2012","M","KB3",19
"Otorgado","2012","M","KB4",9
"Otorgado","2012","M","KE1",31
"Otorgado","2012","M","KE2",12
"Otorgado","2012","M","KE3",21
"Otorgado","2012","M","KE4",3
"Otorgado","2012","M","KE5",16
"Otorgado","2012","M","KS1",5
"Otorgado","2012","M","KS2",6
"Otorgado","2012","M","KS3",10
"Otorgado","2012","M","KS4",24
"Otorgado","2012","M","KS5",18
"Otorgado","2012","M","KS6",11
"Otorgado","2012","M","KS7",4
"Otorgado","2012","M","KT1",14
"Otorgado","2013","F","KA1",41
"Otorgado","2013","F","KA2",8
"Otorgado","2013","F","KA3",13
"Otorgado","2013","F","KA5",53
"Otorgado","2013","F","KB1",40
"Otorgado","2013","F","KB2",64
"Otorgado","2013","F","KB3",33
"Otorgado","2013","F","KB4",17
"Otorgado","2013","F","KE1",39
"Otorgado","2013","F","KE2",2
"Otorgado","2013","F","KE3",9
"Otorgado","2013","F","KE4",2
"Otorgado","2013","F","KE5",26
"Otorgado","2013","F","KS1",9
"Otorgado","2013","F","KS2",14
"Otorgado","2013","F","KS3",8
"Otorgado","2013","F","KS4",30
"Otorgado","2013","F","KS5",24
"Otorgado","2013","F","KS6",4
"Otorgado","2013","F","KS7",12
"Otorgado","2013","F","KS8",8
"Otorgado","2013","F","KT1",28
"Otorgado","2013","M","KA1",25
"Otorgado","2013","M","KA2",28
"Otorgado","2013","M","KA3",4
"Otorgado","2013","M","KA4",9
"Otorgado","2013","M","KA5",25
"Otorgado","2013","M","KB1",22
"Otorgado","2013","M","KB2",35
"Otorgado","2013","M","KB3",24
"Otorgado","2013","M","KB4",6
"Otorgado","2013","M","KE1",25
"Otorgado","2013","M","KE2",10
"Otorgado","2013","M","KE3",32
"Otorgado","2013","M","KE4",3
"Otorgado","2013","M","KE5",18
"Otorgado","2013","M","KS1",11
"Otorgado","2013","M","KS2",6
"Otorgado","2013","M","KS3",11
"Otorgado","2013","M","KS4",16
"Otorgado","2013","M","KS5",18
"Otorgado","2013","M","KS6",5
"Otorgado","2013","M","KS7",3
"Otorgado","2013","M","KS8",4
"Otorgado","2013","M","KT1",21
"Otorgado","2014","F","KA1",54
"Otorgado","2014","F","KA2",9
"Otorgado","2014","F","KA3",14
"Otorgado","2014","F","KA4",4
"Otorgado","2014","F","KA5",56
"Otorgado","2014","F","KA6",1
"Otorgado","2014","F","KB1",51
"Otorgado","2014","F","KB2",55
"Otorgado","2014","F","KB3",32
"Otorgado","2014","F","KB4",26
"Otorgado","2014","F","KE1",54
"Otorgado","2014","F","KE2",7
"Otorgado","2014","F","KE3",5
"Otorgado","2014","F","KE4",5
"Otorgado","2014","F","KE5",24
"Otorgado","2014","F","KS1",17
"Otorgado","2014","F","KS2",16
"Otorgado","2014","F","KS3",12
"Otorgado","2014","F","KS4",47
"Otorgado","2014","F","KS5",33
"Otorgado","2014","F","KS6",5
"Otorgado","2014","F","KS7",20
"Otorgado","2014","F","KS8",7
"Otorgado","2014","F","KT1",18
"Otorgado","2014","M","KA1",25
"Otorgado","2014","M","KA2",34
"Otorgado","2014","M","KA3",7
"Otorgado","2014","M","KA4",16
"Otorgado","2014","M","KA5",21
"Otorgado","2014","M","KA6",1
"Otorgado","2014","M","KB1",47
"Otorgado","2014","M","KB2",25
"Otorgado","2014","M","KB3",21
"Otorgado","2014","M","KB4",9
"Otorgado","2014","M","KE1",32
"Otorgado","2014","M","KE2",13
"Otorgado","2014","M","KE3",22
"Otorgado","2014","M","KE4",9
"Otorgado","2014","M","KE5",22
"Otorgado","2014","M","KS1",14
"Otorgado","2014","M","KS2",14
"Otorgado","2014","M","KS3",7
"Otorgado","2014","M","KS4",17
"Otorgado","2014","M","KS5",15
"Otorgado","2014","M","KS6",13
"Otorgado","2014","M","KS7",4
"Otorgado","2014","M","KS8",5
"Otorgado","2014","M","KT1",21
"Otorgado","2015","F","KA1",60
"Otorgado","2015","F","KA2",4
"Otorgado","2015","F","KA3",26
"Otorgado","2015","F","KA4",1
"Otorgado","2015","F","KA5",46
"Otorgado","2015","F","KA6",20
"Otorgado","2015","F","KB1",57
"Otorgado","2015","F","KB2",44
"Otorgado","2015","F","KB3",39
"Otorgado","2015","F","KB4",24
"Otorgado","2015","F","KE1",40
"Otorgado","2015","F","KE2",10
"Otorgado","2015","F","KE3",8
"Otorgado","2015","F","KE4",10
"Otorgado","2015","F","KE5",23
"Otorgado","2015","F","KS1",17
"Otorgado","2015","F","KS2",17
"Otorgado","2015","F","KS3",8
"Otorgado","2015","F","KS4",35
"Otorgado","2015","F","KS5",32
"Otorgado","2015","F","KS6",7
"Otorgado","2015","F","KS7",21
"Otorgado","2015","F","KS8",7
"Otorgado","2015","F","KT1",26
"Otorgado","2015","M","KA1",28
"Otorgado","2015","M","KA2",28
"Otorgado","2015","M","KA3",10
"Otorgado","2015","M","KA4",11
"Otorgado","2015","M","KA5",29
"Otorgado","2015","M","KA6",7
"Otorgado","2015","M","KB1",35
"Otorgado","2015","M","KB2",38
"Otorgado","2015","M","KB3",22
"Otorgado","2015","M","KB4",8
"Otorgado","2015","M","KE1",29
"Otorgado","2015","M","KE2",6
"Otorgado","2015","M","KE3",22
"Otorgado","2015","M","KE4",6
"Otorgado","2015","M","KE5",21
"Otorgado","2015","M","KS1",16
"Otorgado","2015","M","KS2",11
"Otorgado","2015","M","KS3",11
"Otorgado","2015","M","KS4",20
"Otorgado","2015","M","KS5",22
"Otorgado","2015","M","KS6",6
"Otorgado","2015","M","KS7",8
"Otorgado","2015","M","KS8",7
"Otorgado","2015","M","KT1",18
"Otorgado","2016","F","KA1",14
"Otorgado","2016","F","KA2",1
"Otorgado","2016","F","KA3",4
"Otorgado","2016","F","KA5",18
"Otorgado","2016","F","KA6",6
"Otorgado","2016","F","KA7",5
"Otorgado","2016","F","KB1",27
"Otorgado","2016","F","KB2",17
"Otorgado","2016","F","KB3",25
"Otorgado","2016","F","KB4",7
"Otorgado","2016","F","KE1",28
"Otorgado","2016","F","KE2",6
"Otorgado","2016","F","KE3",3
"Otorgado","2016","F","KE4",4
"Otorgado","2016","F","KE5",15
"Otorgado","2016","F","KS1",5
"Otorgado","2016","F","KS2",6
"Otorgado","2016","F","KS3",4
"Otorgado","2016","F","KS4",13
"Otorgado","2016","F","KS5",13
"Otorgado","2016","F","KS6",2
"Otorgado","2016","F","KS7",8
"Otorgado","2016","F","KS8",3
"Otorgado","2016","F","KT1",10
"Otorgado","2016","M","KA1",9
"Otorgado","2016","M","KA2",12
"Otorgado","2016","M","KA3",3
"Otorgado","2016","M","KA4",11
"Otorgado","2016","M","KA5",11
"Otorgado","2016","M","KA6",3
"Otorgado","2016","M","KA7",4
"Otorgado","2016","M","KB1",15
"Otorgado","2016","M","KB2",19
"Otorgado","2016","M","KB3",16
"Otorgado","2016","M","KB4",4
"Otorgado","2016","M","KE1",12
"Otorgado","2016","M","KE2",8
"Otorgado","2016","M","KE3",13
"Otorgado","2016","M","KE4",3
"Otorgado","2016","M","KE5",18
"Otorgado","2016","M","KS1",9
"Otorgado","2016","M","KS2",5
"Otorgado","2016","M","KS3",5
"Otorgado","2016","M","KS4",7
"Otorgado","2016","M","KS5",6
"Otorgado","2016","M","KS6",3
"Otorgado","2016","M","KS7",4
"Otorgado","2016","M","KS8",2
"Otorgado","2016","M","KT1",13
"Otorgado","2017","F","KA1",33
"Otorgado","2017","F","KA3",12
"Otorgado","2017","F","KA5",40
"Otorgado","2017","F","KA6",10
"Otorgado","2017","F","KA7",22
"Otorgado","2017","F","KB1",33
"Otorgado","2017","F","KB2",27
"Otorgado","2017","F","KB3",26
"Otorgado","2017","F","KB4",17
"Otorgado","2017","F","KE1",28
"Otorgado","2017","F","KE2",5
"Otorgado","2017","F","KE3",6
"Otorgado","2017","F","KE4",2
"Otorgado","2017","F","KE5",15
"Otorgado","2017","F","KS1",7
"Otorgado","2017","F","KS2",8
"Otorgado","2017","F","KS3",7
"Otorgado","2017","F","KS4",16
"Otorgado","2017","F","KS5",15
"Otorgado","2017","F","KS6",5
"Otorgado","2017","F","KS7",14
"Otorgado","2017","F","KS8",7
"Otorgado","2017","F","KT1",1
"Otorgado","2017","M","KA1",28
"Otorgado","2017","M","KA2",24
"Otorgado","2017","M","KA3",2
"Otorgado","2017","M","KA4",12
"Otorgado","2017","M","KA5",23
"Otorgado","2017","M","KA6",12
"Otorgado","2017","M","KA7",10
"Otorgado","2017","M","KB1",19
"Otorgado","2017","M","KB2",15
"Otorgado","2017","M","KB3",20
"Otorgado","2017","M","KB4",10
"Otorgado","2017","M","KE1",22
"Otorgado","2017","M","KE2",12
"Otorgado","2017","M","KE3",15
"Otorgado","2017","M","KE4",4
"Otorgado","2017","M","KE5",18
"Otorgado","2017","M","KS1",3
"Otorgado","2017","M","KS2",1
"Otorgado","2017","M","KS3",4
"Otorgado","2017","M","KS4",10
"Otorgado","2017","M","KS5",16
"Otorgado","2017","M","KS6",8
"Otorgado","2017","M","KS7",3
"Otorgado","2017","M","KS8",3
"Otorgado","2017","M","KT1",3
"Otorgado","2018","F","KA1",16
"Otorgado","2018","F","KA2",1
"Otorgado","2018","F","KA3",7
"Otorgado","2018","F","KA4",2
"Otorgado","2018","F","KA5",13
"Otorgado","2018","F","KA6",10
"Otorgado","2018","F","KA7",19
"Otorgado","2018","F","KA8",6
"Otorgado","2018","F","KB1",18
"Otorgado","2018","F","KB2",20
"Otorgado","2018","F","KB3",16
"Otorgado","2018","F","KB4",11
"Otorgado","2018","F","KE1",12
"Otorgado","2018","F","KE2",2
"Otorgado","2018","F","KE3",5
"Otorgado","2018","F","KE4",2
"Otorgado","2018","F","KE5",10
"Otorgado","2018","F","KS1",6
"Otorgado","2018","F","KS2",5
"Otorgado","2018","F","KS3",5
"Otorgado","2018","F","KS4",9
"Otorgado","2018","F","KS5",22
"Otorgado","2018","F","KS6",2
"Otorgado","2018","F","KS7",5
"Otorgado","2018","F","KS8",8
"Otorgado","2018","F","KS9",7
"Otorgado","2018","F","KT1",9
"Otorgado","2018","M","KA1",8
"Otorgado","2018","M","KA2",11
"Otorgado","2018","M","KA3",2
"Otorgado","2018","M","KA4",8
"Otorgado","2018","M","KA5",14
"Otorgado","2018","M","KA6",6
"Otorgado","2018","M","KA7",7
"Otorgado","2018","M","KA8",2
"Otorgado","2018","M","KB1",20
"Otorgado","2018","M","KB2",15
"Otorgado","2018","M","KB3",9
"Otorgado","2018","M","KB4",3
"Otorgado","2018","M","KE1",23
"Otorgado","2018","M","KE2",5
"Otorgado","2018","M","KE3",15
"Otorgado","2018","M","KE4",3
"Otorgado","2018","M","KE5",12
"Otorgado","2018","M","KS1",4
"Otorgado","2018","M","KS2",3
"Otorgado","2018","M","KS3",4
"Otorgado","2018","M","KS4",8
"Otorgado","2018","M","KS5",11
"Otorgado","2018","M","KS6",4
"Otorgado","2018","M","KS7",5
"Otorgado","2018","M","KS8",1
"Otorgado","2018","M","KS9",1
"Otorgado","2018","M","KT1",8
"Otorgado","2019","F","KA1",21
"Otorgado","2019","F","KA3",11
"Otorgado","2019","F","KA4",4
"Otorgado","2019","F","KA5",18
"Otorgado","2019","F","KA6",11
"Otorgado","2019","F","KA7",21
"Otorgado","2019","F","KA8",19
"Otorgado","2019","F","KB1",42
"Otorgado","2019","F","KB2",29
"Otorgado","2019","F","KB3",20
"Otorgado","2019","F","KB4",15
"Otorgado","2019","F","KE1",38
"Otorgado","2019","F","KE2",6
"Otorgado","2019","F","KE3",11
"Otorgado","2019","F","KE4",7
"Otorgado","2019","F","KE5",19
"Otorgado","2019","F","KS1",9
"Otorgado","2019","F","KS2",15
"Otorgado","2019","F","KS3",5
"Otorgado","2019","F","KS4",12
"Otorgado","2019","F","KS5",33
"Otorgado","2019","F","KS6",7
"Otorgado","2019","F","KS7",12
"Otorgado","2019","F","KS8",10
"Otorgado","2019","F","KS9",10
"Otorgado","2019","F","KT1",6
"Otorgado","2019","M","KA1",23
"Otorgado","2019","M","KA2",20
"Otorgado","2019","M","KA3",3
"Otorgado","2019","M","KA4",11
"Otorgado","2019","M","KA5",12
"Otorgado","2019","M","KA6",11
"Otorgado","2019","M","KA7",13
"Otorgado","2019","M","KA8",6
"Otorgado","2019","M","KB1",22
"Otorgado","2019","M","KB2",25
"Otorgado","2019","M","KB3",17
"Otorgado","2019","M","KB4",6
"Otorgado","2019","M","KE1",30
"Otorgado","2019","M","KE2",7
"Otorgado","2019","M","KE3",36
"Otorgado","2019","M","KE4",8
"Otorgado","2019","M","KE5",16
"Otorgado","2019","M","KS1",12
"Otorgado","2019","M","KS2",7
"Otorgado","2019","M","KS3",9
"Otorgado","2019","M","KS4",15
"Otorgado","2019","M","KS5",21
"Otorgado","2019","M","KS6",6
"Otorgado","2019","M","KS7",10
"Otorgado","2019","M","KS8",5
"Otorgado","2019","M","KS9",2
"Otorgado","2019","M","KT1",9
"Otorgado","2019","X","KE3",1
"Otorgado","2020","F","KA1",26
"Otorgado","2020","F","KA2",4
"Otorgado","2020","F","KA3",17
"Otorgado","2020","F","KA4",2
"Otorgado","2020","F","KA5",11
"Otorgado","2020","F","KA6",10
"Otorgado","2020","F","KA7",22
"Otorgado","2020","F","KA8",18
"Otorgado","2020","F","KB1",40
"Otorgado","2020","F","KB2",45
"Otorgado","2020","F","KB3",25
"Otorgado","2020","F","KB4",26
"Otorgado","2020","F","KE1",49
"Otorgado","2020","F","KE2",10
"Otorgado","2020","F","KE3",4
"Otorgado","2020","F","KE4",3
"Otorgado","2020","F","KE5",18
"Otorgado","2020","F","KS1",15
"Otorgado","2020","F","KS2",18
"Otorgado","2020","F","KS3",7
"Otorgado","2020","F","KS4",11
"Otorgado","2020","F","KS5",27
"Otorgado","2020","F","KS6",5
"Otorgado","2020","F","KS7",19
"Otorgado","2020","F","KS8",9
"Otorgado","2020","F","KS9",17
"Otorgado","2020","F","KT1",7
"Otorgado","2020","M","KA1",13
"Otorgado","2020","M","KA2",24
"Otorgado","2020","M","KA3",5
"Otorgado","2020","M","KA4",10
"Otorgado","2020","M","KA5",15
"Otorgado","2020","M","KA6",9
"Otorgado","2020","M","KA7",14
"Otorgado","2020","M","KA8",8
"Otorgado","2020","M","KB1",20
"Otorgado","2020","M","KB2",38
"Otorgado","2020","M","KB3",13
"Otorgado","2020","M","KB4",11
"Otorgado","2020","M","KE1",38
"Otorgado","2020","M","KE2",11
"Otorgado","2020","M","KE3",27
"Otorgado","2020","M","KE4",6
"Otorgado","2020","M","KE5",15
"Otorgado","2020","M","KS1",11
"Otorgado","2020","M","KS2",10
"Otorgado","2020","M","KS3",11
"Otorgado","2020","M","KS4",15
"Otorgado","2020","M","KS5",16
"Otorgado","2020","M","KS6",12
"Otorgado","2020","M","KS7",10
"Otorgado","2020","M","KS8",7
"Otorgado","2020","M","KT1",3
"Otorgado","2021","F","KA1",31
"Otorgado","2021","F","KA2",2
"Otorgado","2021","F","KA3",14
"Otorgado","2021","F","KA4",2
"Otorgado","2021","F","KA5",12
"Otorgado","2021","F","KA6",11
"Otorgado","2021","F","KA7",35
"Otorgado","2021","F","KA8",17
"Otorgado","2021","F","KB1",39
"Otorgado","2021","F","KB2",41
"Otorgado","2021","F","KB3",15
"Otorgado","2021","F","KB4",13
"Otorgado","2021","F","KE1",39
"Otorgado","2021","F","KE2",6
"Otorgado","2021","F","KE3",10
"Otorgado","2021","F","KE4",9
"Otorgado","2021","F","KE5",24
"Otorgado","2021","F","KS1",10
"Otorgado","2021","F","KS2",12
"Otorgado","2021","F","KS3",5
"Otorgado","2021","F","KS4",19
"Otorgado","2021","F","KS5",27
"Otorgado","2021","F","KS6",1
"Otorgado","2021","F","KS7",11
"Otorgado","2021","F","KS8",10
"Otorgado","2021","F","KS9",19
"Otorgado","2021","F","KT1",4
"Otorgado","2021","M","KA1",23
"Otorgado","2021","M","KA2",13
"Otorgado","2021","M","KA3",8
"Otorgado","2021","M","KA4",12
"Otorgado","2021","M","KA5",7
"Otorgado","2021","M","KA6",10
"Otorgado","2021","M","KA7",16
"Otorgado","2021","M","KA8",5
"Otorgado","2021","M","KB1",17
"Otorgado","2021","M","KB2",19
"Otorgado","2021","M","KB3",10
"Otorgado","2021","M","KB4",9
"Otorgado","2021","M","KE1",43
"Otorgado","2021","M","KE2",20
"Otorgado","2021","M","KE3",12
"Otorgado","2021","M","KE4",6
"Otorgado","2021","M","KE5",22
"Otorgado","2021","M","KS1",13
"Otorgado","2021","M","KS2",11
"Otorgado","2021","M","KS3",11
"Otorgado","2021","M","KS4",12
"Otorgado","2021","M","KS5",23
"Otorgado","2021","M","KS6",8
"Otorgado","2021","M","KS7",8
"Otorgado","2021","M","KS8",5
"Otorgado","2021","M","KS9",2
"Otorgado","2021","M","KT1",5
"Otorgado","2022","F","KA1",31
"Otorgado","2022","F","KA2",3
"Otorgado","2022","F","KA3",13
"Otorgado","2022","F","KA4",6
"Otorgado","2022","F","KA5",19
"Otorgado","2022","F","KA6",20
"Otorgado","2022","F","KA7",39
"Otorgado","2022","F","KA8",24
"Otorgado","2022","F","KB1",44
"Otorgado","2022","F","KB2",46
"Otorgado","2022","F","KB3",29
"Otorgado","2022","F","KB4",19
"Otorgado","2022","F","KE1",27
"Otorgado","2022","F","KE2",6
"Otorgado","2022","F","KE3",9
"Otorgado","2022","F","KE4",7
"Otorgado","2022","F","KE5",17
"Otorgado","2022","F","KS1",8
"Otorgado","2022","F","KS10",14
"Otorgado","2022","F","KS2",19
"Otorgado","2022","F","KS3",7
"Otorgado","2022","F","KS4",20
"Otorgado","2022","F","KS5",35
"Otorgado","2022","F","KS6",10
"Otorgado","2022","F","KS7",9
"Otorgado","2022","F","KS8",7
"Otorgado","2022","F","KS9",24
"Otorgado","2022","M","KA1",25
"Otorgado","2022","M","KA2",11
"Otorgado","2022","M","KA3",7
"Otorgado","2022","M","KA4",13
"Otorgado","2022","M","KA5",11
"Otorgado","2022","M","KA6",14
"Otorgado","2022","M","KA7",12
"Otorgado","2022","M","KA8",5
"Otorgado","2022","M","KB1",13
"Otorgado","2022","M","KB2",27
"Otorgado","2022","M","KB3",13
"Otorgado","2022","M","KB4",5
"Otorgado","2022","M","KE1",31
"Otorgado","2022","M","KE2",8
"Otorgado","2022","M","KE3",15
"Otorgado","2022","M","KE4",3
"Otorgado","2022","M","KE5",21
"Otorgado","2022","M","KS1",8
"Otorgado","2022","M","KS10",12
"Otorgado","2022","M","KS2",8
"Otorgado","2022","M","KS3",10
"Otorgado","2022","M","KS4",14
"Otorgado","2022","M","KS5",24
"Otorgado","2022","M","KS6",5
"Otorgado","2022","M","KS7",6
"Otorgado","2022","M","KS8",4
"Otorgado","2022","M","KS9",7
"Otorgado","2022","X","KA4",1
"Otorgado","2023","F","KA1",9
"Otorgado","2023","F","KA3",9
"Otorgado","2023","F","KA5",4
"Otorgado","2023","F","KA6",10
"Otorgado","2023","F","KA7",8
"Otorgado","2023","F","KA8",13
"Otorgado","2023","F","KB1",17
"Otorgado","2023","F","KB2",23
"Otorgado","2023","F","KB3",12
"Otorgado","2023","F","KB4",9
"Otorgado","2023","F","KE1",29
"Otorgado","2023","F","KE2",4
"Otorgado","2023","F","KE3",3
"Otorgado","2023","F","KE4",2
"Otorgado","2023","F","KE5",12
"Otorgado","2023","F","KS1",6
"Otorgado","2023","F","KS10",2
"Otorgado","2023","F","KS2",11
"Otorgado","2023","F","KS4",3
"Otorgado","2023","F","KS5",13
"Otorgado","2023","F","KS6",6
"Otorgado","2023","F","KS7",2
"Otorgado","2023","F","KS8",10
"Otorgado","2023","F","KS9",6
"Otorgado","2023","F","KT1",5
"Otorgado","2023","M","KA1",10
"Otorgado","2023","M","KA2",4
"Otorgado","2023","M","KA3",4
"Otorgado","2023","M","KA4",4
"Otorgado","2023","M","KA5",7
"Otorgado","2023","M","KA6",1
"Otorgado","2023","M","KA7",7
"Otorgado","2023","M","KA8",3
"Otorgado","2023","M","KB1",9
"Otorgado","2023","M","KB2",14
"Otorgado","2023","M","KB3",8
"Otorgado","2023","M","KB4",3
"Otorgado","2023","M","KE1",23
"Otorgado","2023","M","KE2",4
"Otorgado","2023","M","KE3",9
"Otorgado","2023","M","KE4",5
"Otorgado","2023","M","KE5",13
"Otorgado","2023","M","KS1",3
"Otorgado","2023","M","KS10",5
"Otorgado","2023","M","KS2",3
"Otorgado","2023","M","KS3",6
"Otorgado","2023","M","KS4",6
"Otorgado","2023","M","KS5",9
"Otorgado","2023","M","KS6",5
"Otorgado","2023","M","KS7",1
"Otorgado","2023","M","KS8",2
"Otorgado","2023","M","KS9",1
"Otorgado","2023","M","KT1",2
"Otorgado","2023","X","KS5",1
"Otorgado por recurso","2016","F","KA1",1
"Otorgado por recurso","2016","F","KA2",1
"Otorgado por recurso","2016","F","KA3",2
"Otorgado por recurso","2016","F","KA6",1
"Otorgado por recurso","2016","F","KB1",5
"Otorgado por recurso","2016","F","KB2",2
"Otorgado por recurso","2016","F","KB3",2
"Otorgado por recurso","2016","F","KB4",2
"Otorgado por recurso","2016","F","KE1",4
"Otorgado por recurso","2016","F","KE3",1
"Otorgado por recurso","2016","F","KE5",2
"Otorgado por recurso","2016","F","KS1",1
"Otorgado por recurso","2016","F","KS4",2
"Otorgado por recurso","2016","F","KS5",2
"Otorgado por recurso","2016","F","KS6",1
"Otorgado por recurso","2016","F","KT1",1
"Otorgado por recurso","2016","M","KA1",2
"Otorgado por recurso","2016","M","KA2",1
"Otorgado por recurso","2016","M","KA4",1
"Otorgado por recurso","2016","M","KA5",5
"Otorgado por recurso","2016","M","KA7",2
"Otorgado por recurso","2016","M","KB1",1
"Otorgado por recurso","2016","M","KB2",1
"Otorgado por recurso","2016","M","KE4",1
"Otorgado por recurso","2016","M","KE5",1
"Otorgado por recurso","2016","M","KS2",1
"Otorgado por recurso","2016","M","KS3",1
"Otorgado por recurso","2016","M","KS4",1
"Otorgado por recurso","2016","M","KS5",2
"Otorgado por recurso","2016","M","KS7",1
"Otorgado por recurso","2016","M","KS8",1
"Otorgado por recurso","2016","M","KT1",1
"Otorgado por recurso","2017","F","KA6",1
"Otorgado por recurso","2017","F","KB1",1
"Otorgado por recurso","2017","F","KB2",2
"Otorgado por recurso","2017","F","KB3",1
"Otorgado por recurso","2017","F","KB4",1
"Otorgado por recurso","2017","F","KE1",1
"Otorgado por recurso","2017","F","KE3",1
"Otorgado por recurso","2017","F","KE5",1
"Otorgado por recurso","2017","F","KS1",1
"Otorgado por recurso","2017","F","KS4",1
"Otorgado por recurso","2017","M","KA2",1
"Otorgado por recurso","2017","M","KA7",1
"Otorgado por recurso","2017","M","KB2",1
"Otorgado por recurso","2017","M","KE1",1
"Otorgado por recurso","2017","M","KE3",1
"Otorgado por recurso","2017","M","KE5",1
"Otorgado por recurso","2017","M","KS3",1
"Otorgado por recurso","2017","M","KS4",1
"Otorgado por recurso","2018","F","KA1",2
"Otorgado por recurso","2018","F","KA3",1
"Otorgado por recurso","2018","F","KA4",1
"Otorgado por recurso","2018","F","KA5",3
"Otorgado por recurso","2018","F","KA6",1
"Otorgado por recurso","2018","F","KA7",2
"Otorgado por recurso","2018","F","KA8",1
"Otorgado por recurso","2018","F","KB1",1
"Otorgado por recurso","2018","F","KB4",2
"Otorgado por recurso","2018","F","KE2",1
"Otorgado por recurso","2018","F","KS1",2
"Otorgado por recurso","2018","F","KS2",1
"Otorgado por recurso","2018","F","KS4",1
"Otorgado por recurso","2018","F","KS5",1
"Otorgado por recurso","2018","F","KS7",1
"Otorgado por recurso","2018","F","KS8",1
"Otorgado por recurso","2018","M","KA2",1
"Otorgado por recurso","2018","M","KB1",1
"Otorgado por recurso","2018","M","KB3",1
"Otorgado por recurso","2018","M","KB4",1
"Otorgado por recurso","2018","M","KE1",1
"Otorgado por recurso","2018","M","KE2",1
"Otorgado por recurso","2018","M","KE3",1
"Otorgado por recurso","2018","M","KE4",1
"Otorgado por recurso","2018","M","KS1",1
"Otorgado por recurso","2018","M","KS5",1
"Otorgado por recurso","2018","M","KS6",1
"Otorgado por recurso","2018","M","KS8",1
"Otorgado por recurso","2019","F","KA1",2
"Otorgado por recurso","2019","F","KA3",1
"Otorgado por recurso","2019","F","KA6",2
"Otorgado por recurso","2019","F","KA7",1
"Otorgado por recurso","2019","F","KA8",1
"Otorgado por recurso","2019","F","KB1",3
"Otorgado por recurso","2019","F","KB2",2
"Otorgado por recurso","2019","F","KB3",3
"Otorgado por recurso","2019","F","KE1",1
"Otorgado por recurso","2019","F","KE5",1
"Otorgado por recurso","2019","F","KS1",1
"Otorgado por recurso","2019","F","KS2",1
"Otorgado por recurso","2019","F","KS4",1
"Otorgado por recurso","2019","F","KS5",4
"Otorgado por recurso","2019","F","KS6",1
"Otorgado por recurso","2019","F","KS7",1
"Otorgado por recurso","2019","F","KS8",1
"Otorgado por recurso","2019","M","KA1",1
"Otorgado por recurso","2019","M","KA2",1
"Otorgado por recurso","2019","M","KA4",1
"Otorgado por recurso","2019","M","KA7",1
"Otorgado por recurso","2019","M","KB1",1
"Otorgado por recurso","2019","M","KB2",1
"Otorgado por recurso","2019","M","KB4",1
"Otorgado por recurso","2019","M","KE3",1
"Otorgado por recurso","2019","M","KE4",1
"Otorgado por recurso","2019","M","KS3",1
"Otorgado por recurso","2019","M","KS5",1
"Otorgado por recurso","2020","F","KA1",1
"Otorgado por recurso","2020","F","KA3",2
"Otorgado por recurso","2020","F","KA5",1
"Otorgado por recurso","2020","F","KA7",1
"Otorgado por recurso","2020","F","KB4",3
"Otorgado por recurso","2020","F","KE1",2
"Otorgado por recurso","2020","F","KE2",1
"Otorgado por recurso","2020","F","KS2",2
"Otorgado por recurso","2020","F","KS3",1
"Otorgado por recurso","2020","F","KS5",1
"Otorgado por recurso","2020","F","KS7",1
"Otorgado por recurso","2020","F","KT1",1
"Otorgado por recurso","2020","M","KA1",2
"Otorgado por recurso","2020","M","KA6",1
"Otorgado por recurso","2020","M","KB2",2
"Otorgado por recurso","2020","M","KB3",1
"Otorgado por recurso","2020","M","KE1",1
"Otorgado por recurso","2020","M","KS1",2
"Otorgado por recurso","2020","M","KS5",2
"Otorgado por recurso","2020","M","KS7",1
"Otorgado por recurso","2021","F","KA1",3
"Otorgado por recurso","2021","F","KA3",2
"Otorgado por recurso","2021","F","KA5",2
"Otorgado por recurso","2021","F","KA6",2
"Otorgado por recurso","2021","F","KA7",4
"Otorgado por recurso","2021","F","KB4",1
"Otorgado por recurso","2021","F","KE1",1
"Otorgado por recurso","2021","F","KS2",1
"Otorgado por recurso","2021","F","KS6",1
"Otorgado por recurso","2021","F","KS7",1
"Otorgado por recurso","2021","F","KS8",2
"Otorgado por recurso","2021","M","KA1",1
"Otorgado por recurso","2021","M","KA2",2
"Otorgado por recurso","2021","M","KB3",1
"Otorgado por recurso","2021","M","KE1",1
"Otorgado por recurso","2021","M","KS4",1
"Otorgado por recurso","2022","F","KA1",4
"Otorgado por recurso","2022","F","KA3",2
"Otorgado por recurso","2022","F","KA5",1
"Otorgado por recurso","2022","F","KA6",1
"Otorgado por recurso","2022","F","KA7",1
"Otorgado por recurso","2022","F","KA8",1
"Otorgado por recurso","2022","F","KB1",2
"Otorgado por recurso","2022","F","KB2",2
"Otorgado por recurso","2022","F","KB3",2
"Otorgado por recurso","2022","F","KE5",1
"Otorgado por recurso","2022","F","KS5",1
"Otorgado por recurso","2022","M","KA1",3
"Otorgado por recurso","2022","M","KA5",1
"Otorgado por recurso","2022","M","KA7",1
"Otorgado por recurso","2022","M","KB3",1
"Otorgado por recurso","2022","M","KS1",2
"Otorgado por recurso","2022","M","KS10",2
"Otorgado por recurso","2022","M","KS2",2
"Otorgado por recurso","2022","M","KS3",1
